{
  "name": "cookfurestaurant",
  "version": "0.0.1",
  "author": "Ionic Framework",
  "homepage": "http://ionicframework.com/",
  "private": true,
  "config": {
    "ionic_enable_lint": false
  },
  "scripts": {
    "start": "ionic-app-scripts serve",
    "clean": "ionic-app-scripts clean",
    "build": "ionic-app-scripts build",
    "lint": "ionic-app-scripts lint"
  },
  "dependencies": {
    "@angular-devkit/build-optimizer": "0.6.8",
    "@angular/animations": "5.2.11",
    "@angular/common": "5.2.11",
    "@angular/compiler": "5.2.11",
    "@angular/compiler-cli": "5.2.11",
    "@angular/core": "5.2.11",
    "@angular/forms": "5.2.11",
    "@angular/http": "5.2.11",
    "@angular/platform-browser": "5.2.11",
    "@angular/platform-browser-dynamic": "5.2.11",
    "@ionic-native/call-number": "^4.20.0",
    "@ionic-native/core": "~4.10.0",
    "@ionic-native/file": "^4.20.0",
    "@ionic-native/geolocation": "^4.18.0",
    "@ionic-native/image-picker": "^4.20.0",
    "@ionic-native/in-app-browser": "^4.20.0",
    "@ionic-native/network": "^4.18.0",
    "@ionic-native/onesignal": "^4.18.0",
    "@ionic-native/splash-screen": "~4.10.0",
    "@ionic-native/status-bar": "~4.10.0",
    "@ionic/app-scripts": "3.1.11",
    "@ionic/storage": "2.1.3",
    "@ngx-translate/core": "^9.1.1",
    "@ngx-translate/http-loader": "^2.0.1",
    "@types/google-maps": "^3.2.0",
    "@types/googlemaps": "3.38.1",
    "call-number": "1.0.1",
    "cordova-android": "7.1.4",
    "cordova-plugin-add-swift-support": "2.0.2",
    "cordova-plugin-badge": "^0.8.8",
    "cordova-plugin-device": "^2.0.2",
    "cordova-plugin-file": "6.0.1",
    "cordova-plugin-firebase-lib": "3.3.0",
    "cordova-plugin-geolocation": "^4.0.1",
    "cordova-plugin-inappbrowser": "3.0.0",
    "cordova-plugin-ionic-keyboard": "^2.0.5",
    "cordova-plugin-ionic-webview": "^1.2.1",
    "cordova-plugin-multidex": "^0.1.4",
    "cordova-plugin-network-information": "^2.0.1",
    "cordova-plugin-splashscreen": "^5.0.2",
    "cordova-plugin-telerik-imagepicker": "2.3.2",
    "cordova-plugin-whitelist": "^1.3.3",
    "firebase": "^6.1.0",
    "ionic-angular": "3.9.2",
    "ionicons": "3.0.0",
    "moment": "^2.24.0",
    "onesignal-cordova-plugin": "2.4.6",
    "rxjs": "5.5.11",
    "sw-toolbox": "3.6.0",
    "zone.js": "0.8.26"
  },
  "devDependencies": {
    "typescript": "2.6.2",
    "ws": "3.3.2"
  },
  "description": "An Ionic project",
  "cordova": {
    "plugins": {
      "cordova-plugin-whitelist": {},
      "cordova-plugin-splashscreen": {},
      "cordova-plugin-ionic-webview": {},
      "cordova-plugin-ionic-keyboard": {},
      "cordova-plugin-geolocation": {
        "GEOLOCATION_USAGE_DESCRIPTION": "To locate you"
      },
      "cordova-plugin-network-information": {},
      "cordova-plugin-device": {},
      "cordova-plugin-inappbrowser": {},
      "cordova-plugin-file": {},
      "cordova-plugin-telerik-imagepicker": {},
      "cordova-plugin-firebase-lib": {},
      "mx.ferreyra.callnumber": {},
      "onesignal-cordova-plugin": {}
    },
    "platforms": [
      "android"
    ]
  }
}